video_id,title,publishedAt,channelId,channelTitle,categoryId,trending_date,tags,view_count,likes,dislikes,comment_count,thumbnail_link,comments_disabled,ratings_disabled,description
"Tbn4cYCaZCk","Drift This Car, Win $10,000","2025-04-16T17:00:15Z","UCX6OQ3DkcsbYNE6H8uQQuVA","MrBeast","24","25.22.04","[none]","102024907","0","0","6553","https://i.ytimg.com/vi/Tbn4cYCaZCk/default.jpg","False","True",""
"5sx9r7Kp6io","DIY Bamboo Creations with three Clour Balloone #Bamboo #Bambooart","2025-04-16T01:00:09Z","UC09yLJNAnvqmGDqJ-z7hZ4g","Bamboo Art","22","25.22.04","Bamboo|Bamboo slingshots|Bamboo craft|Bamboo art|Bamboo video|Bamboo idea|Bamboo with slingshots|Slingshots with bamboo|Bamboo creations|diy bamboo video|diy bamboo craft video","156761395","0","0","5168","https://i.ytimg.com/vi/5sx9r7Kp6io/default.jpg","False","True","Bamboo creations with three Clour Balloone"
"6uNgUiFWHrQ","Happy Dog ü§£‚ù§Ô∏è #demariki","2025-04-16T12:00:24Z","UCPwtBv1vrGio8Z_pv2w5X7A","Demariki","23","25.22.04","[none]","62595101","0","0","851","https://i.ytimg.com/vi/6uNgUiFWHrQ/default.jpg","False","True",""
"izFWjgO8MUI","Resumo | Manchester United 5 - 4 Lyon | UEFA Europa League 24/25","2025-04-17T22:22:56Z","UC1pS02BkdhdCAlzKjcZTksQ","DAZN Portugal","17","25.22.04","Lyon|Manchester United","231445","0","0","290","https://i.ytimg.com/vi/izFWjgO8MUI/default.jpg","False","True","Resumo do jogo entre o Manchester United e o Lyon a contar para a 2.¬™ m√£o dos quartos de final da UEFA Europa League 2024/2025.#DAZNEuropa üí™ O melhor do Desporto num s√≥ lugar: Champions League, Europa League, Conference League, Youth League, Women‚Äôs Champions League, Premier League, LALIGA, Bundesliga, FIFA CWC, NFL, F1, WTA e muito mais. Adere agora üëâ https://www.dazn.com/"
"mpNexCz1DAA","Testei a M√°scara Chinesa","2025-04-11T23:09:40Z","UCNrthyyJVjrJUpePrl6lW_g","Neagle","24","25.22.04","[none]","13308065","0","0","3325","https://i.ytimg.com/vi/mpNexCz1DAA/default.jpg","False","True","Contato profissional: neaglegames@gmail.comNossas Redes Sociais: ‚ñ™ Neox:üì∑ https://www.instagram.com/gabrielneox/üê§ https://twitter.com/gabrielneox_üé• https://www.tiktok.com/@gabrielneox_ ‚ñ™ Eagle Trindade:üì∑ https://www.instagram.com/eagletrindade/üê§ https://twitter.com/EagleTrindadeüé• https://www.tiktok.com/@eagletrindade"
"VJxDiUuP8dc","BISPO - Vou continuar ft.Gama","2025-04-18T19:10:08Z","UCpom9wWg9zurv7f5RWTyn3Q","Bispo2725","10","25.22.04","[none]","145393","0","0","176","https://i.ytimg.com/vi/VJxDiUuP8dc/default.jpg","False","True","√ÅLBUM ‚ÄúENTRE N√ìS‚Äù J√Å DISPON√çVELMais sobre mim aqui:Instagram: ¬†Ôøº¬†/¬†bispo2725¬†¬† Twitter: ¬†Ôøº¬†/¬†bispo2725¬†¬† Facebook: ¬†Ôøº¬†/¬†bispo2725¬†¬†TikTok: ¬†Ôøº¬†/¬†bispo2725¬†¬† M√öSICALetra: Bispo, Gama WNTDProduzido: TOMMASGuitarra: Mateus BeachampGrava√ß√£o: TOMMAS, Echo., Mic, Sine Factory  Mix: Michael Mic FerreiraMaster: Michael Mic FerreiraV√çDEODirector: Bispo e The Blond JesusStyling: BispoEditor: The Blond JesusPowered by Mentalidade Free"
"jkzfu63gTQE","Chrys Dias Mc Collin, Mc Menor JP, Mc Xangai #mccollin #mcmenorjp #mcxangai #funk #chrysdias","2025-04-14T21:51:24Z","UC8LTwl6GlJW4oBELtrg10aQ","MC Collin","10","25.22.04","[none]","7148960","0","0","380","https://i.ytimg.com/vi/jkzfu63gTQE/default.jpg","False","True",""
"lBKD1eaezbY","Wait for Mbapp√©.. üôàüòÖ","2025-04-13T15:01:06Z","UC1a2ZCw7tugRZYRMnecNj3A","Celine Dept","17","25.22.04","[none]","60748850","0","0","13375","https://i.ytimg.com/vi/lBKD1eaezbY/default.jpg","False","True","Subscribe if you see this :)"
"zvud_A9bwQY","A PREMIA√á√ÉO MAIS MALUCA QUE VOC√ä J√Å VIU #pegadinha #comedia #humor #pranks #shorts","2025-04-13T22:01:03Z","UCddYq41_tZ1FnLlguLT6-Ow","Parafernalha","24","25.22.04","parafernalha|parafernalia|humor|comedia|esquete|canal parafernalha|canal parafernalia|jhonny drumond|cezar maracuja|victor lamoglia|renata canossa|mariana rebelo|daniel curi|thais belchior|felipe miguel|dig√£o ribeiro|lipe dal col|jorge hissa|amanda orestes|luisa narcizo|marcela maria|engra√ßado|rafael portugal|fabio de luca|comedy|esquetes engra√ßadas|felipe neto|porta dos fundos","3966930","0","0","2645","https://i.ytimg.com/vi/zvud_A9bwQY/default.jpg","False","True","A PREMIA√á√ÉO MAIS MALUCA QUE VOC√ä J√Å VIU #pegadinha #comedia #humor #pranks #shorts"
"KhQ0yjL6YQ0","Now you know you made the right choice üí®üèÉüèª‚Äç‚û°Ô∏è #VictoriaPfeifer","2025-04-18T02:26:00Z","UCQBzn-XGeA4sq9kB8Gl8iHg","Victoria Pfeifer","23","25.22.04","[none]","28880215","0","0","1916","https://i.ytimg.com/vi/KhQ0yjL6YQ0/default.jpg","False","True","With help from @victorbae"
"BN1Qn_UqPFQ","DESAFIO IMPOSS√çVEL! #shorts","2025-04-15T15:00:30Z","UC6paX0kLA8D81aYogceMufw","Rafa & Luiz","24","25.22.04","[none]","3756572","0","0","472","https://i.ytimg.com/vi/BN1Qn_UqPFQ/default.jpg","False","True",""
"x9noCafH2Js","WHAT DID SHE DO TO THE PUPPY?!üò¢","2025-04-14T12:33:00Z","UCMUxB3gYchkaOyaCCMHKKFg","JULI_PROETO","22","25.22.04","[none]","27393669","0","0","791","https://i.ytimg.com/vi/x9noCafH2Js/default.jpg","False","True",""
"wpvtPPukRIU","Magic Marker GONE WRONG üòÇ","2025-04-15T12:03:24Z","UC5gxP-2QqIh_09djvlm9Xcg","Alan's Universe","24","25.22.04","[none]","32714424","0","0","997","https://i.ytimg.com/vi/wpvtPPukRIU/default.jpg","False","True",""
"BDYb1m94THg","OS PRIMOS (RICARDO ARA√öJO PEREIRA E JOANA MARQUES) - GUSTAVO SANTOS NO PODCAST DE MIGUEL MILH√ÉO","2025-04-12T11:00:29Z","UC8O8jPZyN46FFkxE5HpHuBA","OS PRIMOS","24","25.22.04","osprimos|os|primos|react|smile|raptruista|ricardo araujo pereira|joana marques|extremamente desagrad√°vel|renascen√ßa|isto √© gozar|gustavo santos|miguel milh√£o|podcast|extremamente","509462","0","0","1474","https://i.ytimg.com/vi/BDYb1m94THg/default.jpg","False","True","PATREON:https://www.patreon.com/osprimosO NOSSO PODCAST 'CARROSSEL':SOUNDCLOUD https://soundcloud.com/os-primos-354697382SPOTIFYhttps://open.spotify.com/show/0ZCK9tue6zOJdv2K1v1Csj?si=JSWEfO2USXKSvN5MQMJg0AITUNEShttps://podcasts.apple.com/pt/podcast/carrossel/id1489619967?l=enREDES SOCIAIS:Instagram @osprimosboyTwitter @osprimosboyCONTACTO:osprimosbungalow@gmail.com"
"a_v1Ek-_J5k","ELE QUER MUITOS ROBLOX ü§£ #roblox #bloxfruits #robloxedit #funny","2025-04-16T13:00:03Z","UCQ85zY0CVzslphEa0JIv_Tg","Lugar Inexistente","20","25.22.04","[none]","3331550","0","0","784","https://i.ytimg.com/vi/a_v1Ek-_J5k/default.jpg","False","True",""
"yfbuoeRrYeg","Anjos vs Joana Marques + Rui Tavares vs Asneira + Trump vs Pinguins - Conte√∫do do Bat√°guas T02 Ep05","2025-04-14T18:29:45Z","UCQ2IleutNd89c9F-LjrwwwQ","Diogo Bataguas","22","25.22.04","[none]","234570","0","0","393","https://i.ytimg.com/vi/yfbuoeRrYeg/default.jpg","False","True","PATREONhttps://www.patreon.com/c/diogobataguas?redirect=trueSEGUIRhttps://www.instagram.com/diogobataguashttps://www.twitter.com/diogobataguashttps://www.tiktok.com/bataguas"
"DqegXRGTuV0","Match the Hidden Shapes üßê ‚Äã‚Å†ft @NickPro  ‚Äã‚Å†& @BrandonA7","2025-04-11T12:00:18Z","UCATWUurs5SImDMX_prUtxng","Matt Larose","17","25.22.04","Parkour|Challenge|Minigame|Impossible shape|Matt larose|Nixk pro|Brandon a|Fit the shape|Match the shape|Stunts|Gymnastics|Flips|Hangman|Hang man","49726876","0","0","301","https://i.ytimg.com/vi/DqegXRGTuV0/default.jpg","False","True",""
"MCvyT-67fTs","PEDRO SAMPAIO, ANITTA, MC GW - BOTA UM FUNK","2025-04-07T21:59:29Z","UCMbytiCiUSKLHhikpOIsbxQ","PEDRO SAMPAIO","22","25.22.04","PEDRO SAMPAIO|ANITTA|MC GW|FUNK|DJ SET|TIKTOK|HIT|MUSICAS FUNK|FUNK 2025|ATUALIZADO|SET DE FUNK|BRASIL|Funk pop|M√∫sica urbana|Hit do ver√£o|Funk carioca|Funk para dan√ßar|M√∫sica de festa|Clipe oficial Bota um Funk|Video oficial Pedro Sampaio Anitta|Pedro Sampaio funk|Bota um Funk coreografia|funk para tiktok|funk trending|Desafio Bota um Funk","3003603","0","0","4780","https://i.ytimg.com/vi/MCvyT-67fTs/default.jpg","False","True","#PedroSampaio #Anitta #MCGW Ou√ßa agora: https://lnk.to/BotaUmFunk"
"-m60kH0NRZM","üçåTapioca banana milk or Buldak sauceüå∂Ô∏è? ‚Äã‚Å†@Majimero100m","2025-04-09T11:00:02Z","UCIN9NzdhD-jWS3Z0crsHmkQ","MYüíùNo Warü§ù","24","25.22.04","funny|#funnyvideo|#meme|#memes|#mostfunny|#MY|#mizumayuuki|#shorts|#mizumayuukilegend|short|comedy|TikTok|meme|menarik|keluarga|viral|viralvideos|mizuma|‡§¶‡§ø‡§≤‡§ö‡§∏‡•ç‡§™|‡§µ‡§æ‡§Ø‡§∞‡§≤|‡§®‡§ø‡§ï‡§∞|‡§ú‡§æ‡§¶‡•Ç|magia|gracioso|engra√ßado|engra√ßada|graciosa|‡∏ï‡∏•‡∏Å|‡∏ï‡∏£‡∏∞‡∏Å‡∏π‡∏•|familia|—Å–µ–º—å—è|—Å–º–µ—à–Ω–æ–π|eƒülenceli|aile|gia ƒë√¨nh|vui|ŸÖÿ∂ÿ≠ŸÉ|ÿßŸÑÿ£ÿ≥ÿ±ÿ©|lucu|‡®™‡®∞‡®ø‡®µ‡®æ‡®∞|‡®Æ‡®ú‡®º‡®æ‡®ï‡©Ä‡®Ü|komisch|Familie|‡¶™‡¶∞‡¶ø‡¶¨‡¶æ‡¶∞|‡¶π‡¶æ‡¶∏‡ßç‡¶Ø‡¶ï‡¶∞|famille|dr√¥le|ÿπŸÑŸâ ŸÜÿ∑ÿßŸÇ Ÿàÿßÿ≥ÿπ|Î∞îÏù¥Îü¨Ïä§Ïùò|Í∞ÄÏ°±|Ïû¨ÎØ∏ÏûàÎäî|kulawarga|–ø–æ–ø—É–ª—è—Ä–Ω—ã–π|virus","29304892","0","0","1177","https://i.ytimg.com/vi/-m60kH0NRZM/default.jpg","False","True",""
"Rwi5fe41524","1 Adult vs 30 Kids","2025-04-14T20:30:04Z","UCQIUhhcmXsu6cN6n3y9-Pww","Jesser","17","25.22.04","jesser","12967243","0","0","1202","https://i.ytimg.com/vi/Rwi5fe41524/default.jpg","False","True","How many kids does it take to stop me from scoring?#shorts"
"6D1yFt1Uook","Brawl Talk: A NEW BRAWLER RARITY?!","2025-04-19T15:00:10Z","UCooVYzDxdwTtGYAkcPmOgOw","Brawl Stars","20","25.22.04","brawl stars|mobile game|mobile strategy game|mobile rpg|mobile battle royale|battle royale|supercell game|brawl talk","10477262","0","0","57655","https://i.ytimg.com/vi/6D1yFt1Uook/default.jpg","False","True","ü§Ø An ULTRA LEGENDARY Brawler Rarity?üëò 2 new Brawlers: a deadly geisha and a terrible karaoke singer! üé§ü¶ñ A Brawl MOBA?!üî• 8 new Hyperchargesüç£ New Skins, new Game Modes, new Event, and more!FREE GIFT: https://supr.cl/brawl-freebie üéÅ#BrawlTalk #BrawlStars #KatanaKingdomDownload NOW!! ‚ñ∫‚ñ∫ https://supr.cl/2K62CZGSubscribe!! ‚ñ∫‚ñ∫ https://supr.cl/subscribe"
"4Cop81awvwo","Can a Wall of Tape Stop a Sumo Wrestler?","2025-04-11T09:45:00Z","UCyagEfIN1okQ-s996XAqCFQ","Zhong","24","25.22.04","Zhong|zhong|zong","40944055","0","0","1618","https://i.ytimg.com/vi/4Cop81awvwo/default.jpg","False","True",""
"UvAnYnJDpJc","NO WAY he actually made it ü§Ø @gmgolf","2025-04-10T18:43:22Z","UCRijo3ddMTht_IHyNSNXpNQ","Dude Perfect","17","25.22.04","[none]","68828744","0","0","3485","https://i.ytimg.com/vi/UvAnYnJDpJc/default.jpg","False","True",""
"m6cg7EBTHaQ","Can You Guess The Fake Soccer Ball?","2025-04-09T11:04:41Z","UCbp9MyKCTEww4CxEzc_Tp0Q","Stokes Twins","22","25.22.04","Stokes twins|Mrbeast|Fede|mark rober|Airrack|Ryan Trahan|Dhar mann|Royalty family|Jordan matter|Unspeakable|Preston|Ben azelart|Brent Rivera|Jeremy Hutchins|Lexi Rivera|Amp","94864293","0","0","1908","https://i.ytimg.com/vi/m6cg7EBTHaQ/default.jpg","False","True","Subscribe ‚ù§Ô∏è"
"Xm-EosInftM","Desculpa, n√£o te entendi ü§° #thenoite #danilogentili #danibrandi #talkshow #gps","2025-04-15T16:26:55Z","UCEWOoncsrmirqnFqxer9lmA","The Noite com Danilo Gentili","23","25.22.04","sbt|dani brandi|the noite|danilogentili|danilo gentili","3249349","0","0","2474","https://i.ytimg.com/vi/Xm-EosInftM/default.jpg","False","True",""
"R0E18fnSc0o","Our jaws are on the FLOOR! üëÄüò±üòÜ | Triple Charm #Shorts","2025-04-13T06:10:18Z","UCVVMMNVUwHbxljqi-xZ-jig","Triple Charm","10","25.22.04","[none]","16156104","0","0","2961","https://i.ytimg.com/vi/R0E18fnSc0o/default.jpg","False","True",""
"hcavr1VyIuo","o cara da linha cata melhor que eu!","2025-04-11T22:00:46Z","UCxnsgtkUiHxeHM2z2mMlGiA","Goleiro De Capacete","17","25.22.04","vis√£o do goleiro|como √© a vis√£o do goleiro|vis√£o do goleiro em 4k|goleiro de capacete|defesas do goleiro|visao do goleiro em 4k|goleiro de varzea|defesas de goleiro|luva de goleiro|jogo de goleiro|goleiro amador|goleiro|como ser goleiro|dicas de goleiro|goleiro de v√°rzea|treino de goleiro|luvas de goleiro|goleiro de aluguel|goleiro de capacete shorts|goleiro de campo|gopro goleiro|goleiros|defesas de goleiros|como jogar de goleiro","4407526","0","0","79","https://i.ytimg.com/vi/hcavr1VyIuo/default.jpg","False","True",""
"5K1ugZExdeg","Mbapp√© With Emojis üôàüòÖ","2025-04-21T15:30:03Z","UC1a2ZCw7tugRZYRMnecNj3A","Celine Dept","17","25.22.04","[none]","14716714","0","0","2986","https://i.ytimg.com/vi/5K1ugZExdeg/default.jpg","False","True","Subscribe :)"
"AigTEAKDCWA","TESTE DE CASAL","2025-04-05T21:00:12Z","UCCnl0HqjHFj6akQZBW81whQ","Painzeiro","24","25.22.04","4tJ@2g%vdiCt( I9Ja[TXR :;|painzeiro|cama el√°stica|painzeiro pula|Paim|paizeiro|painzero|Mateus Pain|Mateus Painzeiro","5648152","0","0","125","https://i.ytimg.com/vi/AigTEAKDCWA/default.jpg","False","True","üìß CONTATO: painzeiro@agenciacurta.comDEIXE SEU LIKE :)OBRIGADO DEUS POR MAIS UM V√çDEO INCR√çVEL! üôèüèª#Painzeiro"
"Lb8-Bb0q4lk","O Brinquedo Favorito das Crian√ßas üò≤‚ù§Ô∏èü§ñ","2025-04-12T00:00:18Z","UCUcwx3_BxrXOzrJ1UbJR-ww","Gato Lunar","24","25.22.04","[none]","2409241","0","0","512","https://i.ytimg.com/vi/Lb8-Bb0q4lk/default.jpg","False","True","üé• Hist√≥ria: Se na sua casa mora uma crian√ßa pequena, voc√™ pode dar pra ela esse brinquedo incr√≠vel!Ele se chama Verme Metamorfoseador, e ultimamente t√° super na moda em v√°rios pa√≠ses da √Åsia.Foi feito de um jeito t√£o esperto que, se algu√©m encostar nele por tr√°s, ele se mexe sozinho!E ainda por cima, o criador prometeu dar um de presente pra todo mundo que deixar um like!#historias #shorts"
"RpahbBxg_gk","Smoke Bomb vs Diamond Play Button","2025-04-08T16:00:38Z","UCQIUhhcmXsu6cN6n3y9-Pww","Jesser","17","25.22.04","jesser","42442163","0","0","3148","https://i.ytimg.com/vi/RpahbBxg_gk/default.jpg","False","True","Please subscribe so Youtube sends me another play button...#shorts"
"F7Wy0RH4w9Q","Resumo: Benfica 2-2 Arouca (Liga 24/25 #29)","2025-04-13T19:57:45Z","UCuIlu5oGIj1RzHOYmeSV5Eg","VSPORTS - Liga Portugal","22","25.22.04","2024/25|football|futebol|goals|golos|highlights|liga portugal|liga portugal betclic|liga portuguesa|portugal|portuguese league|primeira liga|resumo|season 24/25|soccer|sp:dt=2025-04-13T17:00:00Z|sp:li=port|sp:st=soccer|sp:ti:away=FCA|sp:ti:home=SLB|sp:ty=high","308324","0","0","881","https://i.ytimg.com/vi/F7Wy0RH4w9Q/default.jpg","False","True","Segue o VSPORTS no Whatsapp: https://go.vsports.pt/whatsappEmpate a duas bolas entre Benfica e Arouca. Balde de √°gua fria para os encarnados que aos 95 minutos viram Weverson fazer o 2-2 final. A equipa de Bruno Lage escorrega em casa e soma agora os mesmos 69 pontos que o Sporting no comando da Liga Betclic.VSPORTS na Rede: https://go.vsports.pt/0eUeiVSPORTS no Youtube: https://go.vsports.pt/GmFYCVSPORTS no Twitter: https://go.vsports.pt/mOM6EVSPORTS no Instagram: https://go.vsports.pt/eSvKWVSPORTS no Facebook: https://go.vsports.pt/Fv3zU"
"nBV7B3EhxM4","N√£o acreditei ü§Ø","2025-04-06T16:18:41Z","UCCJC7YIZytEccbU0AWQIBHA","Falaidearo","24","25.22.04","[none]","3232270","0","0","409","https://i.ytimg.com/vi/nBV7B3EhxM4/default.jpg","False","True",""
"24Pe-wRQRl0","ELA PEDIU PRA FAZER UM GOL!","2025-04-09T20:00:00Z","UCxnsgtkUiHxeHM2z2mMlGiA","Goleiro De Capacete","17","25.22.04","namorada do capa√ßa|namorada do goleiro de capacete|namorada capa√ßa|capa√ßa fc|capa√ßa|namorada|namorada goleiro de capacete|cortes do capa√ßa|desafio namorada|namorada futebol|namorada jogando futebol|ensinando futebol namorada|namorada nota dez|treino futebol namorada|vis√£o do goleiro|desafio futebol namorada|namorado mo√ßa|capa√ßa fc kids|voce tem namorado mo√ßa|capaca fc|namoradas|trollando a namorada|como √© a vis√£o do goleiro","3527215","0","0","244","https://i.ytimg.com/vi/24Pe-wRQRl0/default.jpg","False","True",""
"AejlcZ_5aOw","Sigma Girl Training üíÄ","2025-04-06T08:00:13Z","UCSz1RpLRi0C1iBFhrh-WcIg","Karina ","22","25.22.04","[none]","53771127","0","0","6418","https://i.ytimg.com/vi/AejlcZ_5aOw/default.jpg","False","True",""
"SUnNPS3rBXk","Are Bananas Actually Slippery?","2025-04-10T16:03:39Z","UCY1kMZp36IQSyNx_9h4mpCg","Mark Rober","28","25.22.04","[none]","46112944","0","0","2024","https://i.ytimg.com/vi/SUnNPS3rBXk/default.jpg","False","True",""
"pmm-GWrQFx0","Can Tape Hold a Sumo Wrestler?","2025-04-06T18:57:23Z","UCyagEfIN1okQ-s996XAqCFQ","Zhong","24","25.22.04","Zhong|zhong|zong","52527202","0","0","1745","https://i.ytimg.com/vi/pmm-GWrQFx0/default.jpg","False","True",""
"QA1Al71W9uc","Fake or real?! ü§îüèüÔ∏è","2025-04-12T15:30:10Z","UC1a2ZCw7tugRZYRMnecNj3A","Celine Dept","17","25.22.04","[none]","39788462","0","0","3607","https://i.ytimg.com/vi/QA1Al71W9uc/default.jpg","False","True","Wow @mancity"
"9JK4midC7cQ","PAI VS FILHA??? PALAVRA PROIBIDA GRAVADO NO NOSSO SHOW","2025-04-02T22:30:02Z","UCDaM5npyBufSF9XF7XnDlsA","CLEPTON","23","25.22.04","Erick Clapton|Clapton|Clapton tiktok|humor|com√©dia|stand up|risada|curiosidade|v√≠deos de humor|comediante|gargalhada|V√≠deos curtos|v√≠deos para rir|melhor canal de humor|canal de humor|v√≠deos do Clepton|melhores v√≠deos do Clepton","6193149","0","0","241","https://i.ytimg.com/vi/9JK4midC7cQ/default.jpg","False","True","üéÉ Aventuras Estranhas: A Noite Do Meteoro üëªüëΩ Garanta seu livro https://amzn.to/3aSd1qm#Shorts #HumorSalve, pessoal. Tudo bem voc√™s?Pra voc√™ que est√° chegando agora, eu sou o Erick Clepton (quase como o cantor), humorista, roteirista, improvisador, namorado da Amanda e irm√£o do Pierre e do George.Aqui no canal voc√™ vai acompanhar curiosidades, entrevistas, piadas, jogos de improvisos e o que mais pudermos inventar! üöÄParticipe deixando a sua sugest√£o de tema e v√≠deo na aba comunidade, e n√£o esque√ßa de se inscrever para n√£o perder nenhuma novidade. ü¶ñComercial: publicidade+clepton@flocks.tvü§ñEdic√£o: Gustavo VorageProdu√ß√£o executiva: Clep! Entretenimento Ltda."
"EMSO3ncArek","IQ 150 Ïù¥ÏÉÅÎßå ÌíÄ Ïàò ÏûàÎäî Î¨∏Ï†ú","2025-04-06T12:00:28Z","UCychocGDj9_U2SydLizlfug","ÏßÑÏòÅÎØºyeongmin","22","25.22.04","[none]","34464585","0","0","536","https://i.ytimg.com/vi/EMSO3ncArek/default.jpg","False","True","#shorts #Î≤ÑÎ∏îÌã∞ #Î∞ÄÌÅ¨Ìã∞ #ÏïÑÎπ† #ÏïÑÎì§ #Î®πÎ∞© #boba #milktea #mukbang #dad #bubbletea instagram: yeongmin0917business mail: yeongmin0917@treasurehunter.co.kr"
"pPURFXEMe0Y","sorryü•≤ @andrey.grechka (fake bruises)","2025-04-04T10:01:12Z","UCSz1RpLRi0C1iBFhrh-WcIg","Karina ","22","25.22.04","[none]","46981907","0","0","1467","https://i.ytimg.com/vi/pPURFXEMe0Y/default.jpg","False","True",""
"Th__wGPvG4o","ANIVERS√ÅRIO DE G√äMEOS üëØ‚Äç‚ôÇÔ∏è","2025-04-17T23:15:16Z","UC19aAr6UojQesIVCBsXJGIw","O Que N√£o Dizer Oficial","24","25.22.04","[none]","2987845","0","0","489","https://i.ytimg.com/vi/Th__wGPvG4o/default.jpg","False","True",""
"uSw0hTrRKyM","Family members SHARING üç´ #VictoriaPfeifer #shorts","2025-04-02T00:17:00Z","UCQBzn-XGeA4sq9kB8Gl8iHg","Victoria Pfeifer","23","25.22.04","[none]","65218293","0","0","3812","https://i.ytimg.com/vi/uSw0hTrRKyM/default.jpg","False","True","With help from @victorbae"
"bf9wGu6gLyA","MEU NAMORADO N√ÉO QUERIA FICAR COMIGO, ENT√ÉO FIZ ISSO!  #shorts","2025-04-01T15:00:48Z","UC6paX0kLA8D81aYogceMufw","Rafa & Luiz","24","25.22.04","[none]","8018928","0","0","405","https://i.ytimg.com/vi/bf9wGu6gLyA/default.jpg","False","True",""
"6wPMxY1hx8A","Sigma Kid Love #funny #simga","2025-04-15T13:41:37Z","UCNQAoLEv87L7NgUp4We3HIg","CRAZY GREAPA","24","25.22.04","[none]","71511423","0","0","10617","https://i.ytimg.com/vi/6wPMxY1hx8A/default.jpg","False","True",""
"DM1Nh6MIiEM","PAREDE FALSA","2025-04-01T21:28:00Z","UCjaxmdb_gTWbz9XF5rzvgGg","Natan por A√≠","24","25.22.04","[none]","6368033","0","0","286","https://i.ytimg.com/vi/DM1Nh6MIiEM/default.jpg","False","True",""
"OJ46GMVMSOc","Cool Items!ü•∞ New Gadgets, Smart Appliances, Kitchen Tools Utensils, Home Cleaning, Beauty #shorts","2025-04-10T14:00:29Z","UCyGlHNYIsiXV47jUbvYA5DQ","Cool Items Official","26","25.22.04","household items|family essentials|home goods|useful products|product reviews|home improvement|family life|cool gadgets|daily essentials|home organization|home decor|kitchen gadgets|home accessories|family fun|practical items|home hacks|home tips|family products|lifestyle items|home tools|family must-haves|everyday essentials|home innovations|home solutions|family-friendly products|product recommendations|home efficiency|household gadgets","88575338","0","0","518","https://i.ytimg.com/vi/OJ46GMVMSOc/default.jpg","False","True","Welcome to the „ÄêCool Items Official„Äë Channel! üè†‚ú®This is an exciting world of family-themed product recommendations. Through our videos, we recommend various practical and interesting household items and demonstrate their applications and fun in daily life. Each video is meticulously produced, and we hope you can find inspiration and useful advice in them. üé•üòäWe highly value interaction with our audience; every comment and like from you is our motivation to keep creating. üåüIf you like our content, please make sure to subscribe to the channel and click the bell icon üîî to interact with us and share your thoughts and suggestions. üí¨Join the „ÄêCool Items Official„Äë family and explore and share those items that make life better! üåàAll videos are authorized by creators from Mainland China and strictly comply with platform regulations. üõ°Ô∏è"
"cE2F0DQGlc0","Prepared father anticipates baby‚Äôs next move","2025-03-30T16:00:44Z","UCzvNS7L5Lr4Em9fxlBRNQ-w","Daily Mail Cute","22","25.22.04","cute|cute videos|cute daily mail|funny|adorable|good news|happy|feel good|short|shorts|short video|daily mail shorts video|daily mail shorts|baby|dad|dad instincts|baby rolls off couch","50773154","0","0","7638","https://i.ytimg.com/vi/cE2F0DQGlc0/default.jpg","False","True","Dad instincts: 10/10 üèÜPrepared father puts cot next to the couch in anticipation baby would roll off.#cute #shorts #baby #father #instincts #rolls #couch #funny"
"zWfW5M9-WwA","No Room For Error ü´£","2025-04-02T07:16:10Z","UCblfuW_4rakIf2h6aqANefA","Red Bull","17","25.22.04","red bull|redbull|action sports|extreme sports|sport videos|action|sport","38573616","0","0","1941","https://i.ytimg.com/vi/zWfW5M9-WwA/default.jpg","False","True","Downhill mountain bike riders at Red Bull Cerro Abajo showcase how tight the streets are that they have to cycle through: Rob Warner, Tomas Slavik, Pedro Burns, Thibault Laly, Adrien Loron & Lucas Borba"
"WtP4KEokP4o","Can you relate?ü§£‚Äã‚Å†@isabellaafro","2025-04-01T17:03:37Z","UCQFw803mpk_UHcgIdf1wcOA","Jaymondy","23","25.22.04","[none]","27693371","0","0","958","https://i.ytimg.com/vi/WtP4KEokP4o/default.jpg","False","True",""
"tDX9s8Unrmc","N√£o desperdice Pizza e Coca-cola üçïü§£","2025-04-01T12:59:15Z","UCgCxH6eLRIpt6AT4LZi1yHw","Los Wagners","24","25.22.04","[none]","5878430","0","0","180","https://i.ytimg.com/vi/tDX9s8Unrmc/default.jpg","False","True","#shorts"
"y9P200qFy1c","3 years = üíÄ?","2025-04-09T12:01:25Z","UC6ABNFIGTdN41wC-PccaIKA","Andrey Grechka","24","25.22.04","[none]","27334224","0","0","1082","https://i.ytimg.com/vi/y9P200qFy1c/default.jpg","False","True",""
"H_ddwwIFq-g","√â s√≥ bater na madeira 3 VEZES üòÇ","2025-03-29T22:41:26Z","UC19aAr6UojQesIVCBsXJGIw","O Que N√£o Dizer Oficial","24","25.22.04","[none]","12835176","0","0","1570","https://i.ytimg.com/vi/H_ddwwIFq-g/default.jpg","False","True",""
"maZ_D8KjgOg","Hotpot with my best friend and his spoiled sister ü´£üòÅ ‚Äã‚Å†@Infamous_wu13 ‚Äã‚Å†@princessameliawu","2025-03-31T08:42:51Z","UC5C2bbzS3oPCMpHWc6IEKWQ","Elsa Arca","22","25.22.04","[none]","42483032","0","0","3525","https://i.ytimg.com/vi/maZ_D8KjgOg/default.jpg","False","True",""
"TTVbph1KLG8","Too late","2025-03-24T15:41:02Z","UC2zaij4gdFjQ1gUeYB6tyIA","Alina Saito / ÊñéËó§„Ç¢„É™„Éº„Éä","24","25.22.04","[none]","266691952","0","0","4267","https://i.ytimg.com/vi/TTVbph1KLG8/default.jpg","False","True",""
"b92CvgEa6PQ","This I gotta see!","2025-03-31T12:53:53Z","UCb9A6uotqUiuVCvVp4GMqOg","Justin Flom","24","25.22.04","[none]","41122051","0","0","2699","https://i.ytimg.com/vi/b92CvgEa6PQ/default.jpg","False","True",""
"Kd5Aep8bS20","Last to Breathe Wins $1,000!","2025-03-27T09:54:43Z","UCbp9MyKCTEww4CxEzc_Tp0Q","Stokes Twins","22","25.22.04","Stokes twins|Mrbeast|Fede|mark rober|Airrack|Ryan Trahan|Dhar mann|Royalty family|Jordan matter|Unspeakable|Preston|Ben azelart|Brent Rivera|Jeremy Hutchins|Lexi Rivera|Amp","139816135","0","0","10042","https://i.ytimg.com/vi/Kd5Aep8bS20/default.jpg","False","True","Subscribe ‚ù§Ô∏è"
"0S_TWv4vpB0","glitter hair trend","2025-04-01T09:55:01Z","UCPhHBEtG6dVZ5fJKoNArcJw","ÏäπÎπÑÎãà Seungbini","22","25.22.04","[none]","39483781","0","0","2524","https://i.ytimg.com/vi/0S_TWv4vpB0/default.jpg","False","True",""
"69g-YcbmgQA","Find Your Dog, Win $10,000","2025-03-23T16:00:01Z","UCX6OQ3DkcsbYNE6H8uQQuVA","MrBeast","24","25.22.04","[none]","181674653","0","0","7631","https://i.ytimg.com/vi/69g-YcbmgQA/default.jpg","False","True",""
"gbI4bp2a_yk","Italians try GELATO HACK @chefkoudy","2025-04-02T15:01:02Z","UCHwpDpLoyJgtFXoAaaSut4Q","Lionfield","23","25.22.04","[none]","52967443","0","0","4475","https://i.ytimg.com/vi/gbI4bp2a_yk/default.jpg","False","True",""
"kD_ehatAr8A","Is It Real Or Chocolate?","2025-04-17T13:29:19Z","UCbp9MyKCTEww4CxEzc_Tp0Q","Stokes Twins","22","25.22.04","Stokes twins|Mrbeast|Fede|mark rober|Airrack|Ryan Trahan|Dhar mann|Royalty family|Jordan matter|Unspeakable|Preston|Ben azelart|Brent Rivera|Jeremy Hutchins|Lexi Rivera|Amp","19164582","0","0","1675","https://i.ytimg.com/vi/kD_ehatAr8A/default.jpg","False","True","Subscribe ‚ù§Ô∏è"
"R46WVEL9i0I","TRANSFORMEI MINHA GELADEIRA NUMA M√ÅQUINA DE DOCE","2025-04-06T14:51:27Z","UCNmBUECIkUyPr2hxIAT3vzw","Lucas Rangel","23","25.22.04","[none]","6633564","0","0","192","https://i.ytimg.com/vi/R46WVEL9i0I/default.jpg","False","True",""
"HoQDY5ajXYY","Speed's gravity theory üòÇüò≠","2025-03-29T16:46:28Z","UCOC64I7IV17EvSIZJ1HDfHw","SpeedUniverse","24","25.22.04","ishowspeed|ishowspeed australia|speed australia|speed in australia|ishowspeed in australia|ishowspeed gravity theory|speed gravity theory|speed theory|ishowspeed theory|ishowspeed isaac newton|speed isaac newton|ishowspeed crazy theory|speed crazy theory|ishowspeed scientist|speed scientist|ishowspeed funny moments|speed funny moments|ishowspeed smart|speed smart|ishowspeed dumb|speed dumb|ishowspeed best moments|speed best moments|speed","21904218","0","0","7502","https://i.ytimg.com/vi/HoQDY5ajXYY/default.jpg","False","True","iShowSpeed the ScientistJOIN SPEED GANG - https://youtube.com/@SpeedUniverse#ishowspeed #speed #speedylive"
"By-C_-DnnS4","Can Balloons Stop a Sumo Wrestler?","2025-04-17T09:00:14Z","UCyagEfIN1okQ-s996XAqCFQ","Zhong","24","25.22.04","Zhong|zhong|zong","14119077","0","0","663","https://i.ytimg.com/vi/By-C_-DnnS4/default.jpg","False","True",""
"BsSbezkJQsM","Rumores que o sal√°rio do seguran√ßa de Messi √© de 916 mil por m√™s üò≥. #futebol #meme #humor","2025-03-29T02:13:34Z","UCqQL7dqq5jpCdOJ1xSf7Uig","Nosso Cartola","22","25.22.04","[none]","8393067","0","0","2996","https://i.ytimg.com/vi/BsSbezkJQsM/default.jpg","False","True",""
"SQvPO3OfFJk","BAD CLASSMATE","2025-03-26T15:53:19Z","UCNRl8nOCoUvki2FNFxQZgEg","dednahype","23","25.22.04","[none]","51117619","0","0","1576","https://i.ytimg.com/vi/SQvPO3OfFJk/default.jpg","False","True",""
"3LUDdlSeWU4","The world‚Äôs most flexible girl @LibertyBarros  trying to trick the Goldman. #floating #ilusion","2025-03-28T13:53:28Z","UCLdgoL5hkxtp4t-uEJJ3qhA","Silverman Statue Official","1","25.22.04","[none]","93419829","0","0","3895","https://i.ytimg.com/vi/3LUDdlSeWU4/default.jpg","False","True","Behind the scenes video hereCome with us behind the scenes when we prepare the content for you with ‚Äã‚Å†‚Äã‚Å†‚Äã‚Å†‚Äã‚Å†‚Äã‚Å†@LibertyBarros.https://youtu.be/-fB7doTlhLg"
"a4Mc3YLQlN4","TREND DE CADA UM TRAZ UMA COISA","2025-03-23T16:10:25Z","UCNmBUECIkUyPr2hxIAT3vzw","Lucas Rangel","23","25.22.04","[none]","7737465","0","0","352","https://i.ytimg.com/vi/a4Mc3YLQlN4/default.jpg","False","True",""
